order_id,customer_id,product_id,order_date,quantity,product_name,category,price,total_amount
1001,77,103,2025-02-09,1,Product_103,Home,3257,3257
1002,54,143,2025-02-07,5,Product_143,Electronics,7072,35360
1003,67,121,2025-03-01,3,Product_121,Home,14822,44466
1004,27,143,2025-02-15,3,Product_143,Electronics,7072,21216
1005,31,117,2025-01-26,2,Product_117,Home,56019,112038
1006,86,142,2025-01-20,4,Product_142,Electronics,41604,166416
1007,41,149,2025-03-01,1,Product_149,Fashion,16213,16213
1008,2,130,2025-02-09,5,Product_130,Electronics,12724,63620
1009,13,105,2025-02-04,2,Product_105,Accessories,1442,2884
1010,65,117,2025-01-09,3,Product_117,Home,56019,168057
1011,9,116,2025-01-24,3,Product_116,Electronics,56998,170994
1012,21,129,2025-02-23,5,Product_129,Electronics,7130,35650
1013,91,120,2025-02-09,5,Product_120,Electronics,53272,266360
1014,2,143,2025-02-22,5,Product_143,Electronics,7072,35360
1015,39,143,2025-01-07,2,Product_143,Electronics,7072,14144
1016,34,108,2025-02-26,1,Product_108,Electronics,43809,43809
1017,96,136,2025-01-10,3,Product_136,Electronics,51673,155019
1018,37,139,2025-01-14,3,Product_139,Fashion,20789,62367
1019,27,144,2025-02-10,3,Product_144,Fashion,66409,199227
1020,65,132,2025-01-17,1,Product_132,Fashion,64153,64153
1021,12,141,2025-01-28,3,Product_141,Accessories,8165,24495
1022,6,101,2025-01-22,2,Product_101,Electronics,32993,65986
1023,82,117,2025-01-11,4,Product_117,Home,56019,224076
1024,71,146,2025-01-28,5,Product_146,Electronics,24856,124280
1025,2,108,2025-01-05,2,Product_108,Electronics,43809,87618
1026,70,103,2025-02-23,3,Product_103,Home,3257,9771
1027,75,136,2025-01-10,4,Product_136,Electronics,51673,206692
1028,17,103,2025-01-20,3,Product_103,Home,3257,9771
1029,6,123,2025-01-14,2,Product_123,Accessories,70792,141584
1030,86,107,2025-01-23,5,Product_107,Accessories,9334,46670
1031,53,140,2025-02-17,2,Product_140,Accessories,39390,78780
1032,31,111,2025-02-21,2,Product_111,Fashion,28580,57160
1033,53,102,2025-01-12,3,Product_102,Accessories,8892,26676
1034,53,143,2025-02-25,2,Product_143,Electronics,7072,14144
1035,35,111,2025-02-20,1,Product_111,Fashion,28580,28580
1036,49,103,2025-02-24,4,Product_103,Home,3257,13028
1037,29,113,2025-02-22,4,Product_113,Fashion,32350,129400
1038,45,120,2025-02-22,2,Product_120,Electronics,53272,106544
1039,29,102,2025-02-12,2,Product_102,Accessories,8892,17784
1040,52,122,2025-01-18,1,Product_122,Accessories,25612,25612
1041,99,118,2025-01-23,5,Product_118,Fashion,61713,308565
1042,52,144,2025-02-23,5,Product_144,Fashion,66409,332045
1043,43,102,2025-01-08,3,Product_102,Accessories,8892,26676
1044,23,138,2025-01-17,1,Product_138,Home,55944,55944
1045,14,139,2025-01-28,3,Product_139,Fashion,20789,62367
1046,94,121,2025-01-28,5,Product_121,Home,14822,74110
1047,66,108,2025-01-25,5,Product_108,Electronics,43809,219045
1048,25,117,2025-01-03,4,Product_117,Home,56019,224076
1049,1,134,2025-03-01,5,Product_134,Fashion,8185,40925
1050,88,147,2025-03-02,2,Product_147,Electronics,78492,156984
1051,47,128,2025-01-05,3,Product_128,Fashion,72632,217896
1052,80,121,2025-02-12,1,Product_121,Home,14822,14822
1053,93,120,2025-02-02,3,Product_120,Electronics,53272,159816
1054,86,127,2025-01-21,4,Product_127,Accessories,10380,41520
1055,90,119,2025-02-05,2,Product_119,Electronics,13399,26798
1056,25,127,2025-02-12,4,Product_127,Accessories,10380,41520
1057,87,148,2025-02-27,2,Product_148,Electronics,31328,62656
1058,79,137,2025-01-20,4,Product_137,Home,60138,240552
1059,71,101,2025-01-20,3,Product_101,Electronics,32993,98979
1060,27,128,2025-02-20,5,Product_128,Fashion,72632,363160
1061,78,142,2025-01-21,4,Product_142,Electronics,41604,166416
1062,57,129,2025-02-13,2,Product_129,Electronics,7130,14260
1063,66,131,2025-02-20,2,Product_131,Accessories,22298,44596
1064,85,106,2025-01-19,5,Product_106,Electronics,8216,41080
1065,85,141,2025-02-09,3,Product_141,Accessories,8165,24495
1066,12,149,2025-01-16,3,Product_149,Fashion,16213,48639
1067,29,113,2025-01-10,1,Product_113,Fashion,32350,32350
1068,6,116,2025-01-31,5,Product_116,Electronics,56998,284990
1069,99,105,2025-01-30,4,Product_105,Accessories,1442,5768
1070,81,137,2025-01-13,4,Product_137,Home,60138,240552
1071,64,126,2025-01-16,2,Product_126,Home,61137,122274
1072,84,145,2025-01-01,1,Product_145,Accessories,7955,7955
1073,100,128,2025-01-15,2,Product_128,Fashion,72632,145264
1074,90,134,2025-01-30,1,Product_134,Fashion,8185,8185
1075,72,116,2025-02-28,1,Product_116,Electronics,56998,56998
1076,59,109,2025-02-21,4,Product_109,Electronics,67891,271564
1077,86,134,2025-02-05,5,Product_134,Fashion,8185,40925
1078,41,149,2025-02-27,4,Product_149,Fashion,16213,64852
1079,79,147,2025-02-27,5,Product_147,Electronics,78492,392460
1080,55,136,2025-01-29,2,Product_136,Electronics,51673,103346
1081,96,131,2025-01-29,3,Product_131,Accessories,22298,66894
1082,97,116,2025-02-23,3,Product_116,Electronics,56998,170994
1083,99,150,2025-02-03,4,Product_150,Accessories,76380,305520
1084,81,116,2025-01-18,4,Product_116,Electronics,56998,227992
1085,10,146,2025-01-19,2,Product_146,Electronics,24856,49712
1086,35,122,2025-01-21,5,Product_122,Accessories,25612,128060
1087,11,109,2025-01-10,2,Product_109,Electronics,67891,135782
1088,50,145,2025-01-10,2,Product_145,Accessories,7955,15910
1089,9,127,2025-01-27,3,Product_127,Accessories,10380,31140
1090,70,130,2025-01-27,1,Product_130,Electronics,12724,12724
1091,27,127,2025-01-25,5,Product_127,Accessories,10380,51900
1092,90,102,2025-02-24,5,Product_102,Accessories,8892,44460
1093,49,131,2025-01-01,3,Product_131,Accessories,22298,66894
1094,39,149,2025-01-25,4,Product_149,Fashion,16213,64852
1095,69,148,2025-02-17,5,Product_148,Electronics,31328,156640
1096,78,115,2025-02-01,2,Product_115,Accessories,12863,25726
1097,35,128,2025-02-01,1,Product_128,Fashion,72632,72632
1098,50,122,2025-02-12,4,Product_122,Accessories,25612,102448
1099,93,111,2025-02-23,4,Product_111,Fashion,28580,114320
1100,17,140,2025-02-04,1,Product_140,Accessories,39390,39390
1101,51,138,2025-02-06,1,Product_138,Home,55944,55944
1102,11,142,2025-01-28,2,Product_142,Electronics,41604,83208
1103,60,112,2025-01-04,3,Product_112,Accessories,75347,226041
1104,49,121,2025-01-14,4,Product_121,Home,14822,59288
1105,42,122,2025-02-18,4,Product_122,Accessories,25612,102448
1106,36,149,2025-03-02,4,Product_149,Fashion,16213,64852
1107,33,106,2025-01-31,1,Product_106,Electronics,8216,8216
1108,96,135,2025-01-04,3,Product_135,Accessories,50172,150516
1109,29,142,2025-01-05,1,Product_142,Electronics,41604,41604
1110,97,102,2025-03-02,2,Product_102,Accessories,8892,17784
1111,26,102,2025-02-09,2,Product_102,Accessories,8892,17784
1112,31,109,2025-01-31,1,Product_109,Electronics,67891,67891
1113,73,114,2025-01-30,3,Product_114,Fashion,53854,161562
1114,99,124,2025-01-11,5,Product_124,Fashion,18873,94365
1115,78,148,2025-02-15,1,Product_148,Electronics,31328,31328
1116,100,111,2025-01-20,1,Product_111,Fashion,28580,28580
1117,75,102,2025-03-01,3,Product_102,Accessories,8892,26676
1118,74,144,2025-02-28,4,Product_144,Fashion,66409,265636
1119,51,146,2025-01-13,1,Product_146,Electronics,24856,24856
1120,76,145,2025-02-23,2,Product_145,Accessories,7955,15910
1121,14,145,2025-02-19,3,Product_145,Accessories,7955,23865
1122,88,139,2025-02-21,1,Product_139,Fashion,20789,20789
1123,73,103,2025-01-23,5,Product_103,Home,3257,16285
1124,55,143,2025-01-24,1,Product_143,Electronics,7072,7072
1125,65,142,2025-01-22,1,Product_142,Electronics,41604,41604
1126,54,132,2025-01-07,4,Product_132,Fashion,64153,256612
1127,47,141,2025-02-27,4,Product_141,Accessories,8165,32660
1128,91,110,2025-01-28,2,Product_110,Accessories,37000,74000
1129,94,134,2025-02-11,3,Product_134,Fashion,8185,24555
1130,79,135,2025-02-19,4,Product_135,Accessories,50172,200688
1131,60,128,2025-02-22,5,Product_128,Fashion,72632,363160
1132,35,121,2025-02-24,2,Product_121,Home,14822,29644
1133,12,118,2025-02-26,4,Product_118,Fashion,61713,246852
1134,32,149,2025-01-30,5,Product_149,Fashion,16213,81065
1135,79,143,2025-01-25,3,Product_143,Electronics,7072,21216
1136,4,132,2025-02-24,3,Product_132,Fashion,64153,192459
1137,24,132,2025-01-14,3,Product_132,Fashion,64153,192459
1138,34,122,2025-01-18,5,Product_122,Accessories,25612,128060
1139,90,118,2025-02-05,1,Product_118,Fashion,61713,61713
1140,67,113,2025-01-06,2,Product_113,Fashion,32350,64700
1141,93,127,2025-02-01,5,Product_127,Accessories,10380,51900
1142,98,116,2025-02-14,4,Product_116,Electronics,56998,227992
1143,83,146,2025-02-01,4,Product_146,Electronics,24856,99424
1144,3,106,2025-01-19,2,Product_106,Electronics,8216,16432
1145,52,145,2025-01-16,3,Product_145,Accessories,7955,23865
1146,85,138,2025-01-24,4,Product_138,Home,55944,223776
1147,71,134,2025-01-23,4,Product_134,Fashion,8185,32740
1148,96,136,2025-01-22,3,Product_136,Electronics,51673,155019
1149,90,130,2025-01-18,3,Product_130,Electronics,12724,38172
1150,33,115,2025-01-08,2,Product_115,Accessories,12863,25726
1151,41,108,2025-02-17,5,Product_108,Electronics,43809,219045
1152,98,145,2025-01-12,2,Product_145,Accessories,7955,15910
1153,28,148,2025-01-31,3,Product_148,Electronics,31328,93984
1154,93,138,2025-02-18,5,Product_138,Home,55944,279720
1155,77,119,2025-01-07,2,Product_119,Electronics,13399,26798
1156,38,115,2025-01-24,2,Product_115,Accessories,12863,25726
1157,39,101,2025-02-15,5,Product_101,Electronics,32993,164965
1158,17,118,2025-01-03,1,Product_118,Fashion,61713,61713
1159,71,119,2025-02-14,2,Product_119,Electronics,13399,26798
1160,82,149,2025-02-01,1,Product_149,Fashion,16213,16213
1161,2,137,2025-01-19,4,Product_137,Home,60138,240552
1162,62,129,2025-01-22,2,Product_129,Electronics,7130,14260
1163,7,117,2025-03-02,4,Product_117,Home,56019,224076
1164,15,105,2025-01-26,4,Product_105,Accessories,1442,5768
1165,10,137,2025-02-10,1,Product_137,Home,60138,60138
1166,20,110,2025-02-21,5,Product_110,Accessories,37000,185000
1167,39,106,2025-01-16,1,Product_106,Electronics,8216,8216
1168,72,149,2025-01-27,5,Product_149,Fashion,16213,81065
1169,77,140,2025-01-15,5,Product_140,Accessories,39390,196950
1170,49,129,2025-02-28,4,Product_129,Electronics,7130,28520
1171,39,138,2025-01-28,3,Product_138,Home,55944,167832
1172,73,140,2025-01-04,5,Product_140,Accessories,39390,196950
1173,95,107,2025-03-02,2,Product_107,Accessories,9334,18668
1174,81,114,2025-01-17,1,Product_114,Fashion,53854,53854
1175,21,116,2025-01-12,5,Product_116,Electronics,56998,284990
1176,10,111,2025-01-01,4,Product_111,Fashion,28580,114320
1177,58,145,2025-02-08,4,Product_145,Accessories,7955,31820
1178,38,103,2025-01-15,3,Product_103,Home,3257,9771
1179,91,119,2025-02-14,4,Product_119,Electronics,13399,53596
1180,10,144,2025-01-15,3,Product_144,Fashion,66409,199227
1181,81,138,2025-02-12,2,Product_138,Home,55944,111888
1182,55,108,2025-02-04,2,Product_108,Electronics,43809,87618
1183,83,110,2025-02-28,3,Product_110,Accessories,37000,111000
1184,19,105,2025-01-04,2,Product_105,Accessories,1442,2884
1185,40,139,2025-02-17,5,Product_139,Fashion,20789,103945
1186,37,129,2025-01-08,4,Product_129,Electronics,7130,28520
1187,89,120,2025-02-14,4,Product_120,Electronics,53272,213088
1188,35,133,2025-02-04,4,Product_133,Fashion,28516,114064
1189,57,106,2025-02-08,1,Product_106,Electronics,8216,8216
1190,56,148,2025-01-21,5,Product_148,Electronics,31328,156640
1191,33,102,2025-01-06,2,Product_102,Accessories,8892,17784
1192,87,137,2025-02-07,1,Product_137,Home,60138,60138
1193,98,144,2025-02-22,3,Product_144,Fashion,66409,199227
1194,74,103,2025-02-18,2,Product_103,Home,3257,6514
1195,61,134,2025-02-11,4,Product_134,Fashion,8185,32740
1196,36,112,2025-02-07,4,Product_112,Accessories,75347,301388
1197,82,132,2025-01-06,4,Product_132,Fashion,64153,256612
1198,45,127,2025-01-22,3,Product_127,Accessories,10380,31140
1199,86,107,2025-02-24,2,Product_107,Accessories,9334,18668
1200,43,127,2025-02-14,4,Product_127,Accessories,10380,41520
1201,37,143,2025-03-02,4,Product_143,Electronics,7072,28288
1202,98,136,2025-01-03,4,Product_136,Electronics,51673,206692
1203,12,121,2025-01-17,3,Product_121,Home,14822,44466
1204,15,150,2025-01-26,5,Product_150,Accessories,76380,381900
1205,1,143,2025-02-25,5,Product_143,Electronics,7072,35360
1206,60,127,2025-01-04,2,Product_127,Accessories,10380,20760
1207,67,124,2025-02-09,4,Product_124,Fashion,18873,75492
1208,81,129,2025-02-18,1,Product_129,Electronics,7130,7130
1209,27,118,2025-02-05,2,Product_118,Fashion,61713,123426
1210,37,129,2025-02-26,4,Product_129,Electronics,7130,28520
1211,16,102,2025-02-10,5,Product_102,Accessories,8892,44460
1212,31,146,2025-01-11,3,Product_146,Electronics,24856,74568
1213,71,101,2025-02-05,4,Product_101,Electronics,32993,131972
1214,12,115,2025-02-23,1,Product_115,Accessories,12863,12863
1215,60,108,2025-02-11,2,Product_108,Electronics,43809,87618
1216,64,146,2025-01-19,5,Product_146,Electronics,24856,124280
1217,91,118,2025-01-27,4,Product_118,Fashion,61713,246852
1218,61,116,2025-01-30,5,Product_116,Electronics,56998,284990
1219,19,125,2025-01-13,5,Product_125,Fashion,24550,122750
1220,66,148,2025-02-26,2,Product_148,Electronics,31328,62656
1221,9,118,2025-02-19,4,Product_118,Fashion,61713,246852
1222,44,133,2025-01-18,1,Product_133,Fashion,28516,28516
1223,37,147,2025-01-20,5,Product_147,Electronics,78492,392460
1224,75,143,2025-02-01,2,Product_143,Electronics,7072,14144
1225,58,135,2025-01-31,3,Product_135,Accessories,50172,150516
1226,43,136,2025-02-18,5,Product_136,Electronics,51673,258365
1227,49,130,2025-03-01,3,Product_130,Electronics,12724,38172
1228,25,145,2025-01-16,5,Product_145,Accessories,7955,39775
1229,50,115,2025-02-24,4,Product_115,Accessories,12863,51452
1230,6,121,2025-02-17,4,Product_121,Home,14822,59288
1231,91,125,2025-01-25,2,Product_125,Fashion,24550,49100
1232,64,103,2025-01-09,5,Product_103,Home,3257,16285
1233,76,122,2025-02-25,1,Product_122,Accessories,25612,25612
1234,57,107,2025-02-03,4,Product_107,Accessories,9334,37336
1235,2,147,2025-01-10,4,Product_147,Electronics,78492,313968
1236,84,110,2025-01-05,4,Product_110,Accessories,37000,148000
1237,34,122,2025-02-09,4,Product_122,Accessories,25612,102448
1238,84,106,2025-02-24,3,Product_106,Electronics,8216,24648
1239,87,135,2025-01-25,3,Product_135,Accessories,50172,150516
1240,81,146,2025-02-26,4,Product_146,Electronics,24856,99424
1241,70,103,2025-02-09,1,Product_103,Home,3257,3257
1242,31,141,2025-02-13,3,Product_141,Accessories,8165,24495
1243,30,148,2025-01-06,4,Product_148,Electronics,31328,125312
1244,13,149,2025-02-10,1,Product_149,Fashion,16213,16213
1245,57,111,2025-02-14,3,Product_111,Fashion,28580,85740
1246,4,103,2025-01-21,1,Product_103,Home,3257,3257
1247,38,123,2025-01-24,4,Product_123,Accessories,70792,283168
1248,19,116,2025-02-03,4,Product_116,Electronics,56998,227992
1249,73,144,2025-02-20,2,Product_144,Fashion,66409,132818
1250,22,112,2025-01-06,5,Product_112,Accessories,75347,376735
1251,49,140,2025-02-13,2,Product_140,Accessories,39390,78780
1252,64,138,2025-01-10,2,Product_138,Home,55944,111888
1253,60,141,2025-01-17,4,Product_141,Accessories,8165,32660
1254,33,143,2025-01-01,4,Product_143,Electronics,7072,28288
1255,37,144,2025-02-04,2,Product_144,Fashion,66409,132818
1256,10,129,2025-03-02,3,Product_129,Electronics,7130,21390
1257,76,120,2025-02-10,4,Product_120,Electronics,53272,213088
1258,89,117,2025-01-30,3,Product_117,Home,56019,168057
1259,26,125,2025-02-24,4,Product_125,Fashion,24550,98200
1260,14,116,2025-01-25,5,Product_116,Electronics,56998,284990
1261,46,137,2025-01-19,3,Product_137,Home,60138,180414
1262,3,143,2025-01-26,3,Product_143,Electronics,7072,21216
1263,2,137,2025-02-25,1,Product_137,Home,60138,60138
1264,78,148,2025-02-01,3,Product_148,Electronics,31328,93984
1265,100,115,2025-02-08,3,Product_115,Accessories,12863,38589
1266,29,141,2025-01-13,5,Product_141,Accessories,8165,40825
1267,33,144,2025-02-18,2,Product_144,Fashion,66409,132818
1268,81,107,2025-02-27,1,Product_107,Accessories,9334,9334
1269,40,129,2025-01-03,5,Product_129,Electronics,7130,35650
1270,47,147,2025-01-09,1,Product_147,Electronics,78492,78492
1271,38,121,2025-02-17,4,Product_121,Home,14822,59288
1272,23,113,2025-01-09,5,Product_113,Fashion,32350,161750
1273,47,134,2025-02-02,3,Product_134,Fashion,8185,24555
1274,22,117,2025-02-28,4,Product_117,Home,56019,224076
1275,38,148,2025-02-25,3,Product_148,Electronics,31328,93984
1276,15,130,2025-01-05,2,Product_130,Electronics,12724,25448
1277,97,115,2025-02-25,4,Product_115,Accessories,12863,51452
1278,72,124,2025-01-06,4,Product_124,Fashion,18873,75492
1279,2,117,2025-02-04,1,Product_117,Home,56019,56019
1280,59,124,2025-02-13,3,Product_124,Fashion,18873,56619
1281,75,125,2025-02-22,3,Product_125,Fashion,24550,73650
1282,14,144,2025-01-15,4,Product_144,Fashion,66409,265636
1283,4,140,2025-02-26,5,Product_140,Accessories,39390,196950
1284,42,140,2025-01-15,1,Product_140,Accessories,39390,39390
1285,82,130,2025-02-28,3,Product_130,Electronics,12724,38172
1286,84,127,2025-01-08,2,Product_127,Accessories,10380,20760
1287,6,103,2025-01-20,4,Product_103,Home,3257,13028
1288,15,107,2025-01-16,5,Product_107,Accessories,9334,46670
1289,18,125,2025-01-30,3,Product_125,Fashion,24550,73650
1290,86,148,2025-02-14,5,Product_148,Electronics,31328,156640
1291,54,138,2025-02-17,2,Product_138,Home,55944,111888
1292,54,142,2025-01-07,4,Product_142,Electronics,41604,166416
1293,79,127,2025-03-02,3,Product_127,Accessories,10380,31140
1294,5,145,2025-01-24,2,Product_145,Accessories,7955,15910
1295,57,129,2025-03-02,2,Product_129,Electronics,7130,14260
1296,47,107,2025-02-13,3,Product_107,Accessories,9334,28002
1297,70,142,2025-01-23,1,Product_142,Electronics,41604,41604
1298,51,118,2025-01-13,1,Product_118,Fashion,61713,61713
1299,59,106,2025-02-12,2,Product_106,Electronics,8216,16432
1300,83,141,2025-02-08,1,Product_141,Accessories,8165,8165
1301,7,122,2025-01-16,2,Product_122,Accessories,25612,51224
1302,73,114,2025-01-05,5,Product_114,Fashion,53854,269270
1303,27,138,2025-01-14,2,Product_138,Home,55944,111888
1304,43,150,2025-01-10,5,Product_150,Accessories,76380,381900
1305,1,118,2025-02-24,2,Product_118,Fashion,61713,123426
1306,17,135,2025-01-17,2,Product_135,Accessories,50172,100344
1307,15,143,2025-02-25,1,Product_143,Electronics,7072,7072
1308,17,101,2025-01-23,2,Product_101,Electronics,32993,65986
1309,76,121,2025-01-02,2,Product_121,Home,14822,29644
1310,34,104,2025-01-09,4,Product_104,Accessories,77628,310512
1311,68,108,2025-02-17,1,Product_108,Electronics,43809,43809
1312,61,129,2025-02-19,3,Product_129,Electronics,7130,21390
1313,66,138,2025-01-07,4,Product_138,Home,55944,223776
1314,65,115,2025-03-02,5,Product_115,Accessories,12863,64315
1315,6,147,2025-02-20,5,Product_147,Electronics,78492,392460
1316,39,130,2025-02-11,1,Product_130,Electronics,12724,12724
1317,8,131,2025-02-24,4,Product_131,Accessories,22298,89192
1318,55,144,2025-01-07,4,Product_144,Fashion,66409,265636
1319,92,129,2025-01-05,1,Product_129,Electronics,7130,7130
1320,42,139,2025-01-10,1,Product_139,Fashion,20789,20789
1321,17,118,2025-02-09,5,Product_118,Fashion,61713,308565
1322,71,146,2025-01-21,4,Product_146,Electronics,24856,99424
1323,77,134,2025-01-19,4,Product_134,Fashion,8185,32740
1324,65,139,2025-01-28,1,Product_139,Fashion,20789,20789
1325,90,108,2025-02-24,5,Product_108,Electronics,43809,219045
1326,93,114,2025-01-28,4,Product_114,Fashion,53854,215416
1327,30,127,2025-01-22,4,Product_127,Accessories,10380,41520
1328,52,127,2025-02-16,1,Product_127,Accessories,10380,10380
1329,41,128,2025-01-21,3,Product_128,Fashion,72632,217896
1330,48,110,2025-02-13,4,Product_110,Accessories,37000,148000
1331,9,106,2025-02-23,1,Product_106,Electronics,8216,8216
1332,12,128,2025-01-07,3,Product_128,Fashion,72632,217896
1333,17,136,2025-01-04,5,Product_136,Electronics,51673,258365
1334,72,136,2025-01-22,1,Product_136,Electronics,51673,51673
1335,53,123,2025-02-25,4,Product_123,Accessories,70792,283168
1336,93,104,2025-01-19,5,Product_104,Accessories,77628,388140
1337,40,123,2025-01-07,5,Product_123,Accessories,70792,353960
1338,65,114,2025-01-10,4,Product_114,Fashion,53854,215416
1339,29,107,2025-01-23,5,Product_107,Accessories,9334,46670
1340,48,108,2025-02-18,3,Product_108,Electronics,43809,131427
1341,74,115,2025-02-21,4,Product_115,Accessories,12863,51452
1342,72,150,2025-02-22,5,Product_150,Accessories,76380,381900
1343,79,144,2025-02-11,5,Product_144,Fashion,66409,332045
1344,4,139,2025-03-01,3,Product_139,Fashion,20789,62367
1345,4,112,2025-01-18,3,Product_112,Accessories,75347,226041
1346,44,123,2025-01-01,2,Product_123,Accessories,70792,141584
1347,19,137,2025-02-12,4,Product_137,Home,60138,240552
1348,9,110,2025-02-17,1,Product_110,Accessories,37000,37000
1349,12,148,2025-02-03,2,Product_148,Electronics,31328,62656
1350,49,127,2025-01-30,3,Product_127,Accessories,10380,31140
1351,21,124,2025-01-20,3,Product_124,Fashion,18873,56619
1352,100,137,2025-02-08,1,Product_137,Home,60138,60138
1353,7,110,2025-01-11,5,Product_110,Accessories,37000,185000
1354,7,144,2025-01-06,3,Product_144,Fashion,66409,199227
1355,57,143,2025-01-28,4,Product_143,Electronics,7072,28288
1356,78,129,2025-01-27,3,Product_129,Electronics,7130,21390
1357,28,149,2025-02-02,1,Product_149,Fashion,16213,16213
1358,45,128,2025-01-08,3,Product_128,Fashion,72632,217896
1359,87,144,2025-02-07,4,Product_144,Fashion,66409,265636
1360,68,143,2025-01-20,1,Product_143,Electronics,7072,7072
1361,29,126,2025-02-08,1,Product_126,Home,61137,61137
1362,1,114,2025-01-20,2,Product_114,Fashion,53854,107708
1363,99,109,2025-02-18,3,Product_109,Electronics,67891,203673
1364,38,121,2025-01-08,1,Product_121,Home,14822,14822
1365,64,148,2025-01-28,2,Product_148,Electronics,31328,62656
1366,17,125,2025-02-04,2,Product_125,Fashion,24550,49100
1367,65,136,2025-02-23,3,Product_136,Electronics,51673,155019
1368,10,126,2025-02-25,1,Product_126,Home,61137,61137
1369,56,102,2025-01-30,1,Product_102,Accessories,8892,8892
1370,41,137,2025-01-28,5,Product_137,Home,60138,300690
1371,52,146,2025-02-10,4,Product_146,Electronics,24856,99424
1372,38,108,2025-01-26,1,Product_108,Electronics,43809,43809
1373,42,111,2025-02-21,5,Product_111,Fashion,28580,142900
1374,59,145,2025-02-28,3,Product_145,Accessories,7955,23865
1375,12,128,2025-02-24,1,Product_128,Fashion,72632,72632
1376,32,128,2025-02-07,4,Product_128,Fashion,72632,290528
1377,68,106,2025-01-26,3,Product_106,Electronics,8216,24648
1378,96,122,2025-01-15,3,Product_122,Accessories,25612,76836
1379,100,111,2025-01-05,5,Product_111,Fashion,28580,142900
1380,82,108,2025-02-03,5,Product_108,Electronics,43809,219045
1381,25,150,2025-01-23,3,Product_150,Accessories,76380,229140
1382,94,142,2025-02-22,2,Product_142,Electronics,41604,83208
1383,31,107,2025-01-10,3,Product_107,Accessories,9334,28002
1384,26,112,2025-02-08,2,Product_112,Accessories,75347,150694
1385,98,149,2025-02-11,1,Product_149,Fashion,16213,16213
1386,23,150,2025-02-10,4,Product_150,Accessories,76380,305520
1387,60,149,2025-02-06,5,Product_149,Fashion,16213,81065
1388,58,144,2025-03-01,5,Product_144,Fashion,66409,332045
1389,83,141,2025-02-09,3,Product_141,Accessories,8165,24495
1390,81,121,2025-01-10,4,Product_121,Home,14822,59288
1391,9,131,2025-01-29,3,Product_131,Accessories,22298,66894
1392,36,138,2025-01-04,3,Product_138,Home,55944,167832
1393,65,105,2025-01-20,4,Product_105,Accessories,1442,5768
1394,58,103,2025-01-04,3,Product_103,Home,3257,9771
1395,37,105,2025-02-11,1,Product_105,Accessories,1442,1442
1396,79,139,2025-02-02,4,Product_139,Fashion,20789,83156
1397,60,138,2025-02-05,1,Product_138,Home,55944,55944
1398,58,137,2025-02-11,2,Product_137,Home,60138,120276
1399,42,139,2025-01-31,5,Product_139,Fashion,20789,103945
1400,20,104,2025-01-29,1,Product_104,Accessories,77628,77628
1401,44,146,2025-01-06,5,Product_146,Electronics,24856,124280
1402,83,112,2025-01-03,2,Product_112,Accessories,75347,150694
1403,91,129,2025-01-29,5,Product_129,Electronics,7130,35650
1404,67,140,2025-01-11,3,Product_140,Accessories,39390,118170
1405,48,119,2025-01-25,4,Product_119,Electronics,13399,53596
1406,100,122,2025-02-13,5,Product_122,Accessories,25612,128060
1407,7,141,2025-02-11,3,Product_141,Accessories,8165,24495
1408,9,122,2025-01-07,5,Product_122,Accessories,25612,128060
1409,87,125,2025-01-19,3,Product_125,Fashion,24550,73650
1410,93,143,2025-02-28,5,Product_143,Electronics,7072,35360
1411,20,122,2025-01-06,5,Product_122,Accessories,25612,128060
1412,85,110,2025-02-28,3,Product_110,Accessories,37000,111000
1413,40,142,2025-02-14,4,Product_142,Electronics,41604,166416
1414,17,139,2025-02-15,1,Product_139,Fashion,20789,20789
1415,40,136,2025-01-25,3,Product_136,Electronics,51673,155019
1416,17,143,2025-02-14,5,Product_143,Electronics,7072,35360
1417,12,142,2025-02-12,4,Product_142,Electronics,41604,166416
1418,66,124,2025-01-02,3,Product_124,Fashion,18873,56619
1419,40,112,2025-03-02,2,Product_112,Accessories,75347,150694
1420,44,150,2025-02-01,2,Product_150,Accessories,76380,152760
1421,29,109,2025-01-10,1,Product_109,Electronics,67891,67891
1422,38,107,2025-02-02,5,Product_107,Accessories,9334,46670
1423,95,134,2025-01-03,3,Product_134,Fashion,8185,24555
1424,99,140,2025-01-09,5,Product_140,Accessories,39390,196950
1425,49,110,2025-01-11,2,Product_110,Accessories,37000,74000
1426,89,150,2025-02-09,2,Product_150,Accessories,76380,152760
1427,93,129,2025-01-03,4,Product_129,Electronics,7130,28520
1428,47,144,2025-02-16,2,Product_144,Fashion,66409,132818
1429,57,140,2025-01-19,4,Product_140,Accessories,39390,157560
1430,30,135,2025-01-16,3,Product_135,Accessories,50172,150516
1431,61,113,2025-01-24,5,Product_113,Fashion,32350,161750
1432,57,130,2025-02-19,3,Product_130,Electronics,12724,38172
1433,100,125,2025-02-02,5,Product_125,Fashion,24550,122750
1434,54,111,2025-02-22,2,Product_111,Fashion,28580,57160
1435,78,109,2025-02-25,3,Product_109,Electronics,67891,203673
1436,7,142,2025-01-31,3,Product_142,Electronics,41604,124812
1437,71,107,2025-02-15,5,Product_107,Accessories,9334,46670
1438,16,119,2025-01-06,2,Product_119,Electronics,13399,26798
1439,35,129,2025-02-27,5,Product_129,Electronics,7130,35650
1440,19,128,2025-01-06,2,Product_128,Fashion,72632,145264
1441,58,123,2025-03-01,1,Product_123,Accessories,70792,70792
1442,54,104,2025-01-26,5,Product_104,Accessories,77628,388140
1443,48,116,2025-01-25,1,Product_116,Electronics,56998,56998
1444,48,115,2025-01-02,3,Product_115,Accessories,12863,38589
1445,13,146,2025-02-11,3,Product_146,Electronics,24856,74568
1446,19,109,2025-01-03,3,Product_109,Electronics,67891,203673
1447,61,145,2025-02-23,2,Product_145,Accessories,7955,15910
1448,98,146,2025-01-31,4,Product_146,Electronics,24856,99424
1449,79,101,2025-02-27,1,Product_101,Electronics,32993,32993
1450,3,117,2025-01-14,2,Product_117,Home,56019,112038
1451,71,147,2025-02-08,5,Product_147,Electronics,78492,392460
1452,55,108,2025-02-19,3,Product_108,Electronics,43809,131427
1453,31,120,2025-01-08,1,Product_120,Electronics,53272,53272
1454,31,127,2025-02-10,5,Product_127,Accessories,10380,51900
1455,59,105,2025-01-08,4,Product_105,Accessories,1442,5768
1456,77,135,2025-01-02,5,Product_135,Accessories,50172,250860
1457,74,116,2025-02-15,2,Product_116,Electronics,56998,113996
1458,38,128,2025-01-01,5,Product_128,Fashion,72632,363160
1459,46,116,2025-02-06,4,Product_116,Electronics,56998,227992
1460,24,143,2025-02-12,1,Product_143,Electronics,7072,7072
1461,68,124,2025-01-05,5,Product_124,Fashion,18873,94365
1462,70,133,2025-02-20,5,Product_133,Fashion,28516,142580
1463,71,102,2025-01-25,4,Product_102,Accessories,8892,35568
1464,6,141,2025-01-25,3,Product_141,Accessories,8165,24495
1465,33,148,2025-01-02,3,Product_148,Electronics,31328,93984
1466,9,123,2025-01-16,1,Product_123,Accessories,70792,70792
1467,99,138,2025-02-17,3,Product_138,Home,55944,167832
1468,18,103,2025-01-23,5,Product_103,Home,3257,16285
1469,44,142,2025-01-12,4,Product_142,Electronics,41604,166416
1470,90,131,2025-02-10,2,Product_131,Accessories,22298,44596
1471,18,105,2025-02-15,4,Product_105,Accessories,1442,5768
1472,5,119,2025-01-13,1,Product_119,Electronics,13399,13399
1473,26,103,2025-01-21,3,Product_103,Home,3257,9771
1474,66,126,2025-02-22,5,Product_126,Home,61137,305685
1475,61,117,2025-01-03,2,Product_117,Home,56019,112038
1476,37,123,2025-02-25,1,Product_123,Accessories,70792,70792
1477,84,122,2025-01-18,1,Product_122,Accessories,25612,25612
1478,48,128,2025-02-26,4,Product_128,Fashion,72632,290528
1479,96,129,2025-02-27,4,Product_129,Electronics,7130,28520
1480,44,112,2025-02-01,4,Product_112,Accessories,75347,301388
1481,48,134,2025-01-18,1,Product_134,Fashion,8185,8185
1482,94,128,2025-01-06,4,Product_128,Fashion,72632,290528
1483,78,112,2025-02-04,3,Product_112,Accessories,75347,226041
1484,42,107,2025-01-06,3,Product_107,Accessories,9334,28002
1485,85,119,2025-01-20,4,Product_119,Electronics,13399,53596
1486,78,146,2025-01-28,2,Product_146,Electronics,24856,49712
1487,89,129,2025-01-23,4,Product_129,Electronics,7130,28520
1488,6,147,2025-02-25,3,Product_147,Electronics,78492,235476
1489,79,128,2025-01-18,1,Product_128,Fashion,72632,72632
1490,10,143,2025-02-10,4,Product_143,Electronics,7072,28288
1491,47,133,2025-02-21,2,Product_133,Fashion,28516,57032
1492,4,110,2025-02-24,5,Product_110,Accessories,37000,185000
1493,87,129,2025-01-03,2,Product_129,Electronics,7130,14260
1494,9,116,2025-02-19,3,Product_116,Electronics,56998,170994
1495,47,125,2025-03-02,5,Product_125,Fashion,24550,122750
1496,5,139,2025-01-10,4,Product_139,Fashion,20789,83156
1497,48,124,2025-01-29,1,Product_124,Fashion,18873,18873
1498,74,109,2025-02-03,3,Product_109,Electronics,67891,203673
1499,51,121,2025-02-11,3,Product_121,Home,14822,44466
1500,32,108,2025-01-02,2,Product_108,Electronics,43809,87618
1501,64,134,2025-01-25,5,Product_134,Fashion,8185,40925
1502,16,117,2025-02-19,3,Product_117,Home,56019,168057
1503,91,129,2025-01-14,5,Product_129,Electronics,7130,35650
1504,37,145,2025-02-28,4,Product_145,Accessories,7955,31820
1505,26,108,2025-01-09,1,Product_108,Electronics,43809,43809
1506,58,112,2025-02-27,4,Product_112,Accessories,75347,301388
1507,12,144,2025-02-24,3,Product_144,Fashion,66409,199227
1508,86,123,2025-02-15,1,Product_123,Accessories,70792,70792
1509,71,135,2025-01-19,3,Product_135,Accessories,50172,150516
1510,21,146,2025-02-15,2,Product_146,Electronics,24856,49712
1511,47,133,2025-01-15,1,Product_133,Fashion,28516,28516
1512,26,109,2025-01-16,4,Product_109,Electronics,67891,271564
1513,4,124,2025-02-05,5,Product_124,Fashion,18873,94365
1514,48,130,2025-02-21,5,Product_130,Electronics,12724,63620
1515,17,140,2025-02-26,1,Product_140,Accessories,39390,39390
1516,9,120,2025-01-26,4,Product_120,Electronics,53272,213088
1517,68,127,2025-02-19,4,Product_127,Accessories,10380,41520
1518,74,105,2025-01-09,3,Product_105,Accessories,1442,4326
1519,83,105,2025-01-29,4,Product_105,Accessories,1442,5768
1520,88,134,2025-01-23,2,Product_134,Fashion,8185,16370
1521,100,136,2025-02-10,5,Product_136,Electronics,51673,258365
1522,24,150,2025-01-09,4,Product_150,Accessories,76380,305520
1523,65,104,2025-02-23,1,Product_104,Accessories,77628,77628
1524,67,110,2025-01-20,2,Product_110,Accessories,37000,74000
1525,21,121,2025-03-01,2,Product_121,Home,14822,29644
1526,45,134,2025-02-27,3,Product_134,Fashion,8185,24555
1527,11,117,2025-01-13,5,Product_117,Home,56019,280095
1528,36,109,2025-02-10,3,Product_109,Electronics,67891,203673
1529,79,135,2025-01-06,5,Product_135,Accessories,50172,250860
1530,83,111,2025-02-07,5,Product_111,Fashion,28580,142900
1531,20,111,2025-02-12,5,Product_111,Fashion,28580,142900
1532,93,139,2025-01-22,5,Product_139,Fashion,20789,103945
1533,6,102,2025-01-06,1,Product_102,Accessories,8892,8892
1534,83,150,2025-02-06,3,Product_150,Accessories,76380,229140
1535,84,114,2025-02-19,5,Product_114,Fashion,53854,269270
1536,54,140,2025-02-10,1,Product_140,Accessories,39390,39390
1537,64,141,2025-02-04,3,Product_141,Accessories,8165,24495
1538,83,120,2025-01-31,2,Product_120,Electronics,53272,106544
1539,88,126,2025-01-20,4,Product_126,Home,61137,244548
1540,10,145,2025-01-04,2,Product_145,Accessories,7955,15910
1541,57,127,2025-01-31,4,Product_127,Accessories,10380,41520
1542,27,122,2025-02-08,2,Product_122,Accessories,25612,51224
1543,41,146,2025-01-21,3,Product_146,Electronics,24856,74568
1544,52,109,2025-02-18,3,Product_109,Electronics,67891,203673
1545,66,136,2025-01-07,3,Product_136,Electronics,51673,155019
1546,31,130,2025-01-08,3,Product_130,Electronics,12724,38172
1547,58,116,2025-01-10,1,Product_116,Electronics,56998,56998
1548,7,119,2025-03-02,4,Product_119,Electronics,13399,53596
1549,79,127,2025-01-16,2,Product_127,Accessories,10380,20760
1550,42,137,2025-02-16,3,Product_137,Home,60138,180414
1551,25,149,2025-01-11,4,Product_149,Fashion,16213,64852
1552,66,130,2025-02-01,3,Product_130,Electronics,12724,38172
1553,64,102,2025-01-06,4,Product_102,Accessories,8892,35568
1554,65,130,2025-01-16,2,Product_130,Electronics,12724,25448
1555,75,123,2025-01-04,1,Product_123,Accessories,70792,70792
1556,37,132,2025-02-08,4,Product_132,Fashion,64153,256612
1557,37,135,2025-01-01,1,Product_135,Accessories,50172,50172
1558,56,109,2025-02-26,3,Product_109,Electronics,67891,203673
1559,94,124,2025-02-18,4,Product_124,Fashion,18873,75492
1560,47,103,2025-01-26,1,Product_103,Home,3257,3257
1561,73,136,2025-01-13,3,Product_136,Electronics,51673,155019
1562,71,119,2025-01-05,4,Product_119,Electronics,13399,53596
1563,65,129,2025-02-18,5,Product_129,Electronics,7130,35650
1564,36,140,2025-02-13,5,Product_140,Accessories,39390,196950
1565,16,109,2025-01-07,4,Product_109,Electronics,67891,271564
1566,48,122,2025-02-05,3,Product_122,Accessories,25612,76836
1567,97,110,2025-01-13,5,Product_110,Accessories,37000,185000
1568,66,126,2025-02-02,1,Product_126,Home,61137,61137
1569,6,103,2025-01-09,3,Product_103,Home,3257,9771
1570,61,134,2025-01-30,2,Product_134,Fashion,8185,16370
1571,78,133,2025-01-09,3,Product_133,Fashion,28516,85548
1572,79,121,2025-01-11,4,Product_121,Home,14822,59288
1573,79,148,2025-02-23,3,Product_148,Electronics,31328,93984
1574,76,122,2025-02-02,5,Product_122,Accessories,25612,128060
1575,69,132,2025-02-15,5,Product_132,Fashion,64153,320765
1576,39,131,2025-02-22,1,Product_131,Accessories,22298,22298
1577,48,122,2025-02-13,1,Product_122,Accessories,25612,25612
1578,54,138,2025-01-20,1,Product_138,Home,55944,55944
1579,77,131,2025-01-17,5,Product_131,Accessories,22298,111490
1580,74,115,2025-02-16,1,Product_115,Accessories,12863,12863
1581,75,131,2025-01-11,5,Product_131,Accessories,22298,111490
1582,81,147,2025-02-09,4,Product_147,Electronics,78492,313968
1583,19,144,2025-01-16,1,Product_144,Fashion,66409,66409
1584,74,145,2025-01-08,2,Product_145,Accessories,7955,15910
1585,3,129,2025-01-21,4,Product_129,Electronics,7130,28520
1586,20,127,2025-02-14,2,Product_127,Accessories,10380,20760
1587,53,133,2025-02-19,5,Product_133,Fashion,28516,142580
1588,61,148,2025-02-16,1,Product_148,Electronics,31328,31328
1589,91,109,2025-02-03,2,Product_109,Electronics,67891,135782
1590,72,121,2025-02-12,4,Product_121,Home,14822,59288
1591,68,125,2025-01-21,2,Product_125,Fashion,24550,49100
1592,59,135,2025-01-22,5,Product_135,Accessories,50172,250860
1593,46,144,2025-02-19,3,Product_144,Fashion,66409,199227
1594,79,131,2025-01-13,2,Product_131,Accessories,22298,44596
1595,36,136,2025-01-20,2,Product_136,Electronics,51673,103346
1596,39,150,2025-01-19,2,Product_150,Accessories,76380,152760
1597,89,146,2025-02-01,3,Product_146,Electronics,24856,74568
1598,62,123,2025-02-05,3,Product_123,Accessories,70792,212376
1599,37,108,2025-02-06,5,Product_108,Electronics,43809,219045
1600,49,126,2025-02-22,3,Product_126,Home,61137,183411
1601,99,110,2025-01-19,1,Product_110,Accessories,37000,37000
1602,37,146,2025-01-06,3,Product_146,Electronics,24856,74568
1603,57,142,2025-01-17,4,Product_142,Electronics,41604,166416
1604,28,113,2025-02-22,5,Product_113,Fashion,32350,161750
1605,35,136,2025-02-14,3,Product_136,Electronics,51673,155019
1606,18,107,2025-02-09,5,Product_107,Accessories,9334,46670
1607,31,116,2025-01-04,5,Product_116,Electronics,56998,284990
1608,29,141,2025-01-15,1,Product_141,Accessories,8165,8165
1609,13,127,2025-01-22,4,Product_127,Accessories,10380,41520
1610,13,144,2025-02-19,2,Product_144,Fashion,66409,132818
1611,1,136,2025-03-01,2,Product_136,Electronics,51673,103346
1612,53,142,2025-03-01,4,Product_142,Electronics,41604,166416
1613,62,142,2025-01-13,3,Product_142,Electronics,41604,124812
1614,42,119,2025-02-11,1,Product_119,Electronics,13399,13399
1615,99,106,2025-02-11,5,Product_106,Electronics,8216,41080
1616,30,135,2025-02-17,1,Product_135,Accessories,50172,50172
1617,23,127,2025-02-26,2,Product_127,Accessories,10380,20760
1618,5,126,2025-02-20,4,Product_126,Home,61137,244548
1619,24,148,2025-02-25,3,Product_148,Electronics,31328,93984
1620,5,101,2025-01-20,5,Product_101,Electronics,32993,164965
1621,78,107,2025-03-01,3,Product_107,Accessories,9334,28002
1622,37,130,2025-02-11,5,Product_130,Electronics,12724,63620
1623,68,132,2025-02-26,2,Product_132,Fashion,64153,128306
1624,65,130,2025-01-18,2,Product_130,Electronics,12724,25448
1625,15,122,2025-01-11,4,Product_122,Accessories,25612,102448
1626,83,117,2025-02-15,2,Product_117,Home,56019,112038
1627,2,148,2025-01-22,3,Product_148,Electronics,31328,93984
1628,73,144,2025-02-18,2,Product_144,Fashion,66409,132818
1629,23,140,2025-02-24,4,Product_140,Accessories,39390,157560
1630,55,133,2025-01-21,1,Product_133,Fashion,28516,28516
1631,52,143,2025-01-07,2,Product_143,Electronics,7072,14144
1632,18,131,2025-01-21,2,Product_131,Accessories,22298,44596
1633,1,117,2025-01-25,2,Product_117,Home,56019,112038
1634,58,149,2025-01-18,3,Product_149,Fashion,16213,48639
1635,39,138,2025-02-16,5,Product_138,Home,55944,279720
1636,2,117,2025-02-11,3,Product_117,Home,56019,168057
1637,89,116,2025-01-04,1,Product_116,Electronics,56998,56998
1638,60,120,2025-01-11,4,Product_120,Electronics,53272,213088
1639,88,133,2025-03-01,3,Product_133,Fashion,28516,85548
1640,89,108,2025-02-10,3,Product_108,Electronics,43809,131427
1641,48,140,2025-01-15,2,Product_140,Accessories,39390,78780
1642,18,131,2025-01-10,4,Product_131,Accessories,22298,89192
1643,96,139,2025-01-24,4,Product_139,Fashion,20789,83156
1644,90,136,2025-02-28,4,Product_136,Electronics,51673,206692
1645,97,135,2025-02-21,2,Product_135,Accessories,50172,100344
1646,98,116,2025-02-13,5,Product_116,Electronics,56998,284990
1647,11,134,2025-01-29,5,Product_134,Fashion,8185,40925
1648,91,124,2025-01-05,5,Product_124,Fashion,18873,94365
1649,15,104,2025-02-23,5,Product_104,Accessories,77628,388140
1650,65,113,2025-02-06,5,Product_113,Fashion,32350,161750
1651,20,111,2025-01-21,5,Product_111,Fashion,28580,142900
1652,57,108,2025-02-13,2,Product_108,Electronics,43809,87618
1653,92,138,2025-02-01,1,Product_138,Home,55944,55944
1654,66,129,2025-02-21,1,Product_129,Electronics,7130,7130
1655,59,109,2025-02-02,4,Product_109,Electronics,67891,271564
1656,59,137,2025-01-04,5,Product_137,Home,60138,300690
1657,60,144,2025-02-21,3,Product_144,Fashion,66409,199227
1658,93,102,2025-01-26,3,Product_102,Accessories,8892,26676
1659,1,148,2025-01-14,5,Product_148,Electronics,31328,156640
1660,10,103,2025-01-28,3,Product_103,Home,3257,9771
1661,90,105,2025-02-04,1,Product_105,Accessories,1442,1442
1662,9,131,2025-01-03,3,Product_131,Accessories,22298,66894
1663,53,112,2025-02-19,2,Product_112,Accessories,75347,150694
1664,99,142,2025-02-16,4,Product_142,Electronics,41604,166416
1665,48,125,2025-01-29,4,Product_125,Fashion,24550,98200
1666,49,106,2025-02-13,5,Product_106,Electronics,8216,41080
1667,18,142,2025-02-25,3,Product_142,Electronics,41604,124812
1668,16,112,2025-02-04,4,Product_112,Accessories,75347,301388
1669,68,109,2025-02-16,2,Product_109,Electronics,67891,135782
1670,1,149,2025-01-02,3,Product_149,Fashion,16213,48639
1671,60,144,2025-02-16,5,Product_144,Fashion,66409,332045
1672,55,135,2025-01-25,2,Product_135,Accessories,50172,100344
1673,32,130,2025-01-23,2,Product_130,Electronics,12724,25448
1674,36,113,2025-03-01,1,Product_113,Fashion,32350,32350
1675,5,143,2025-01-27,5,Product_143,Electronics,7072,35360
1676,99,102,2025-01-16,2,Product_102,Accessories,8892,17784
1677,9,107,2025-02-08,1,Product_107,Accessories,9334,9334
1678,58,139,2025-02-13,1,Product_139,Fashion,20789,20789
1679,32,148,2025-01-03,4,Product_148,Electronics,31328,125312
1680,57,115,2025-02-04,2,Product_115,Accessories,12863,25726
1681,97,150,2025-01-04,2,Product_150,Accessories,76380,152760
1682,65,119,2025-01-15,5,Product_119,Electronics,13399,66995
1683,41,137,2025-02-08,3,Product_137,Home,60138,180414
1684,31,120,2025-02-26,2,Product_120,Electronics,53272,106544
1685,85,134,2025-01-15,4,Product_134,Fashion,8185,32740
1686,39,118,2025-01-04,5,Product_118,Fashion,61713,308565
1687,76,148,2025-02-28,2,Product_148,Electronics,31328,62656
1688,81,144,2025-01-28,5,Product_144,Fashion,66409,332045
1689,64,104,2025-01-23,4,Product_104,Accessories,77628,310512
1690,68,121,2025-02-14,4,Product_121,Home,14822,59288
1691,53,110,2025-01-20,4,Product_110,Accessories,37000,148000
1692,24,149,2025-02-04,4,Product_149,Fashion,16213,64852
1693,31,115,2025-01-20,2,Product_115,Accessories,12863,25726
1694,60,104,2025-02-05,4,Product_104,Accessories,77628,310512
1695,54,136,2025-02-03,2,Product_136,Electronics,51673,103346
1696,50,116,2025-01-17,2,Product_116,Electronics,56998,113996
1697,43,142,2025-01-06,4,Product_142,Electronics,41604,166416
1698,48,106,2025-02-04,2,Product_106,Electronics,8216,16432
1699,7,118,2025-01-25,5,Product_118,Fashion,61713,308565
1700,78,103,2025-02-25,1,Product_103,Home,3257,3257
1701,25,149,2025-02-07,5,Product_149,Fashion,16213,81065
1702,28,131,2025-01-14,3,Product_131,Accessories,22298,66894
1703,39,101,2025-01-14,2,Product_101,Electronics,32993,65986
1704,95,108,2025-02-17,4,Product_108,Electronics,43809,175236
1705,32,145,2025-02-08,2,Product_145,Accessories,7955,15910
1706,51,116,2025-02-05,3,Product_116,Electronics,56998,170994
1707,100,119,2025-01-25,4,Product_119,Electronics,13399,53596
1708,69,142,2025-01-23,3,Product_142,Electronics,41604,124812
1709,34,124,2025-02-02,4,Product_124,Fashion,18873,75492
1710,60,107,2025-02-21,4,Product_107,Accessories,9334,37336
1711,98,121,2025-02-28,2,Product_121,Home,14822,29644
1712,48,121,2025-01-27,1,Product_121,Home,14822,14822
1713,73,115,2025-02-17,2,Product_115,Accessories,12863,25726
1714,3,117,2025-02-05,5,Product_117,Home,56019,280095
1715,75,147,2025-01-27,3,Product_147,Electronics,78492,235476
1716,20,113,2025-01-22,2,Product_113,Fashion,32350,64700
1717,49,137,2025-02-23,2,Product_137,Home,60138,120276
1718,64,136,2025-02-11,3,Product_136,Electronics,51673,155019
1719,33,149,2025-02-22,4,Product_149,Fashion,16213,64852
1720,93,142,2025-02-17,4,Product_142,Electronics,41604,166416
1721,59,111,2025-02-16,3,Product_111,Fashion,28580,85740
1722,22,109,2025-02-16,5,Product_109,Electronics,67891,339455
1723,63,112,2025-02-28,5,Product_112,Accessories,75347,376735
1724,83,104,2025-02-03,1,Product_104,Accessories,77628,77628
1725,10,143,2025-01-04,1,Product_143,Electronics,7072,7072
1726,53,109,2025-02-23,2,Product_109,Electronics,67891,135782
1727,9,146,2025-01-10,1,Product_146,Electronics,24856,24856
1728,28,133,2025-01-30,3,Product_133,Fashion,28516,85548
1729,8,140,2025-02-10,5,Product_140,Accessories,39390,196950
1730,62,143,2025-02-01,1,Product_143,Electronics,7072,7072
1731,1,135,2025-02-05,4,Product_135,Accessories,50172,200688
1732,2,102,2025-02-03,3,Product_102,Accessories,8892,26676
1733,69,119,2025-01-02,5,Product_119,Electronics,13399,66995
1734,90,144,2025-01-28,2,Product_144,Fashion,66409,132818
1735,14,107,2025-02-03,2,Product_107,Accessories,9334,18668
1736,31,113,2025-02-09,5,Product_113,Fashion,32350,161750
1737,33,123,2025-01-18,4,Product_123,Accessories,70792,283168
1738,11,124,2025-01-26,4,Product_124,Fashion,18873,75492
1739,73,116,2025-02-14,2,Product_116,Electronics,56998,113996
1740,39,144,2025-02-22,1,Product_144,Fashion,66409,66409
1741,84,142,2025-02-18,1,Product_142,Electronics,41604,41604
1742,12,126,2025-01-25,4,Product_126,Home,61137,244548
1743,71,131,2025-01-04,1,Product_131,Accessories,22298,22298
1744,90,111,2025-01-06,4,Product_111,Fashion,28580,114320
1745,56,142,2025-02-20,3,Product_142,Electronics,41604,124812
1746,73,107,2025-02-27,5,Product_107,Accessories,9334,46670
1747,6,115,2025-01-14,5,Product_115,Accessories,12863,64315
1748,61,118,2025-01-03,1,Product_118,Fashion,61713,61713
1749,88,118,2025-02-27,5,Product_118,Fashion,61713,308565
1750,73,143,2025-01-03,2,Product_143,Electronics,7072,14144
1751,41,102,2025-01-14,5,Product_102,Accessories,8892,44460
1752,19,149,2025-02-22,4,Product_149,Fashion,16213,64852
1753,10,120,2025-01-11,5,Product_120,Electronics,53272,266360
1754,31,137,2025-02-23,4,Product_137,Home,60138,240552
1755,87,135,2025-01-22,4,Product_135,Accessories,50172,200688
1756,97,148,2025-01-09,1,Product_148,Electronics,31328,31328
1757,65,148,2025-01-23,1,Product_148,Electronics,31328,31328
1758,13,128,2025-01-15,1,Product_128,Fashion,72632,72632
1759,44,139,2025-02-19,5,Product_139,Fashion,20789,103945
1760,77,126,2025-02-19,3,Product_126,Home,61137,183411
1761,4,141,2025-01-18,4,Product_141,Accessories,8165,32660
1762,63,115,2025-01-23,5,Product_115,Accessories,12863,64315
1763,49,128,2025-01-12,5,Product_128,Fashion,72632,363160
1764,85,125,2025-01-06,5,Product_125,Fashion,24550,122750
1765,38,116,2025-02-15,1,Product_116,Electronics,56998,56998
1766,11,118,2025-01-10,4,Product_118,Fashion,61713,246852
1767,92,141,2025-01-10,4,Product_141,Accessories,8165,32660
1768,41,124,2025-01-07,1,Product_124,Fashion,18873,18873
1769,1,120,2025-01-29,3,Product_120,Electronics,53272,159816
1770,98,118,2025-01-07,2,Product_118,Fashion,61713,123426
1771,12,112,2025-01-28,4,Product_112,Accessories,75347,301388
1772,72,136,2025-02-02,4,Product_136,Electronics,51673,206692
1773,14,102,2025-01-06,3,Product_102,Accessories,8892,26676
1774,71,106,2025-02-08,5,Product_106,Electronics,8216,41080
1775,42,125,2025-01-01,3,Product_125,Fashion,24550,73650
1776,53,125,2025-02-19,1,Product_125,Fashion,24550,24550
1777,93,136,2025-02-27,2,Product_136,Electronics,51673,103346
1778,74,134,2025-01-11,4,Product_134,Fashion,8185,32740
1779,22,109,2025-01-18,3,Product_109,Electronics,67891,203673
1780,35,132,2025-01-10,1,Product_132,Fashion,64153,64153
1781,22,128,2025-01-18,4,Product_128,Fashion,72632,290528
1782,39,131,2025-02-20,1,Product_131,Accessories,22298,22298
1783,47,117,2025-03-02,2,Product_117,Home,56019,112038
1784,93,141,2025-02-01,5,Product_141,Accessories,8165,40825
1785,79,113,2025-01-30,1,Product_113,Fashion,32350,32350
1786,18,120,2025-01-01,4,Product_120,Electronics,53272,213088
1787,43,140,2025-01-25,3,Product_140,Accessories,39390,118170
1788,57,122,2025-01-28,5,Product_122,Accessories,25612,128060
1789,18,120,2025-01-21,5,Product_120,Electronics,53272,266360
1790,89,113,2025-01-31,3,Product_113,Fashion,32350,97050
1791,23,126,2025-01-21,3,Product_126,Home,61137,183411
1792,95,145,2025-02-10,4,Product_145,Accessories,7955,31820
1793,74,116,2025-01-21,4,Product_116,Electronics,56998,227992
1794,36,126,2025-01-24,1,Product_126,Home,61137,61137
1795,73,113,2025-02-07,5,Product_113,Fashion,32350,161750
1796,24,144,2025-02-19,5,Product_144,Fashion,66409,332045
1797,4,147,2025-01-30,2,Product_147,Electronics,78492,156984
1798,57,119,2025-02-23,1,Product_119,Electronics,13399,13399
1799,53,144,2025-02-01,2,Product_144,Fashion,66409,132818
1800,82,120,2025-01-16,3,Product_120,Electronics,53272,159816
1801,85,110,2025-02-15,4,Product_110,Accessories,37000,148000
1802,49,105,2025-01-29,5,Product_105,Accessories,1442,7210
1803,62,138,2025-01-26,5,Product_138,Home,55944,279720
1804,65,145,2025-01-27,5,Product_145,Accessories,7955,39775
1805,5,124,2025-02-14,5,Product_124,Fashion,18873,94365
1806,77,141,2025-02-28,1,Product_141,Accessories,8165,8165
1807,14,150,2025-01-16,3,Product_150,Accessories,76380,229140
1808,22,142,2025-02-09,1,Product_142,Electronics,41604,41604
1809,73,142,2025-02-13,4,Product_142,Electronics,41604,166416
1810,97,122,2025-02-20,4,Product_122,Accessories,25612,102448
1811,14,101,2025-01-07,3,Product_101,Electronics,32993,98979
1812,29,133,2025-02-17,5,Product_133,Fashion,28516,142580
1813,72,138,2025-02-14,5,Product_138,Home,55944,279720
1814,29,129,2025-01-24,4,Product_129,Electronics,7130,28520
1815,60,150,2025-02-13,5,Product_150,Accessories,76380,381900
1816,89,133,2025-01-10,3,Product_133,Fashion,28516,85548
1817,4,131,2025-01-07,3,Product_131,Accessories,22298,66894
1818,54,106,2025-01-08,2,Product_106,Electronics,8216,16432
1819,45,120,2025-01-22,4,Product_120,Electronics,53272,213088
1820,27,134,2025-01-31,3,Product_134,Fashion,8185,24555
1821,61,107,2025-01-29,4,Product_107,Accessories,9334,37336
1822,41,105,2025-01-20,1,Product_105,Accessories,1442,1442
1823,91,108,2025-01-02,3,Product_108,Electronics,43809,131427
1824,83,107,2025-02-13,2,Product_107,Accessories,9334,18668
1825,95,116,2025-02-03,2,Product_116,Electronics,56998,113996
1826,71,111,2025-01-22,5,Product_111,Fashion,28580,142900
1827,55,130,2025-01-15,4,Product_130,Electronics,12724,50896
1828,81,112,2025-01-12,4,Product_112,Accessories,75347,301388
1829,51,102,2025-02-17,5,Product_102,Accessories,8892,44460
1830,26,129,2025-02-07,4,Product_129,Electronics,7130,28520
1831,50,101,2025-02-15,2,Product_101,Electronics,32993,65986
1832,27,118,2025-02-18,1,Product_118,Fashion,61713,61713
1833,74,107,2025-02-21,5,Product_107,Accessories,9334,46670
1834,24,124,2025-01-21,2,Product_124,Fashion,18873,37746
1835,59,108,2025-01-17,4,Product_108,Electronics,43809,175236
1836,68,141,2025-01-21,5,Product_141,Accessories,8165,40825
1837,50,140,2025-01-26,5,Product_140,Accessories,39390,196950
1838,15,123,2025-01-23,4,Product_123,Accessories,70792,283168
1839,80,112,2025-02-22,3,Product_112,Accessories,75347,226041
1840,79,138,2025-01-06,2,Product_138,Home,55944,111888
1841,41,108,2025-01-16,3,Product_108,Electronics,43809,131427
1842,15,112,2025-01-24,2,Product_112,Accessories,75347,150694
1843,66,125,2025-01-27,5,Product_125,Fashion,24550,122750
1844,18,137,2025-01-25,4,Product_137,Home,60138,240552
1845,24,132,2025-02-10,5,Product_132,Fashion,64153,320765
1846,89,142,2025-03-01,2,Product_142,Electronics,41604,83208
1847,72,111,2025-02-01,3,Product_111,Fashion,28580,85740
1848,18,112,2025-01-21,4,Product_112,Accessories,75347,301388
1849,80,104,2025-02-25,3,Product_104,Accessories,77628,232884
1850,2,132,2025-01-09,2,Product_132,Fashion,64153,128306
1851,50,136,2025-02-02,4,Product_136,Electronics,51673,206692
1852,53,144,2025-02-01,4,Product_144,Fashion,66409,265636
1853,91,129,2025-02-01,2,Product_129,Electronics,7130,14260
1854,11,137,2025-01-02,2,Product_137,Home,60138,120276
1855,38,103,2025-01-18,2,Product_103,Home,3257,6514
1856,69,119,2025-01-11,4,Product_119,Electronics,13399,53596
1857,73,148,2025-02-19,4,Product_148,Electronics,31328,125312
1858,71,133,2025-01-08,5,Product_133,Fashion,28516,142580
1859,15,118,2025-02-19,5,Product_118,Fashion,61713,308565
1860,47,135,2025-02-22,1,Product_135,Accessories,50172,50172
1861,98,147,2025-01-29,5,Product_147,Electronics,78492,392460
1862,28,128,2025-01-07,2,Product_128,Fashion,72632,145264
1863,39,103,2025-01-29,3,Product_103,Home,3257,9771
1864,45,106,2025-01-29,1,Product_106,Electronics,8216,8216
1865,100,116,2025-01-14,5,Product_116,Electronics,56998,284990
1866,89,123,2025-02-25,5,Product_123,Accessories,70792,353960
1867,81,128,2025-01-11,5,Product_128,Fashion,72632,363160
1868,18,114,2025-02-22,2,Product_114,Fashion,53854,107708
1869,8,137,2025-01-23,5,Product_137,Home,60138,300690
1870,36,139,2025-02-04,2,Product_139,Fashion,20789,41578
1871,42,146,2025-01-19,3,Product_146,Electronics,24856,74568
1872,74,118,2025-03-02,5,Product_118,Fashion,61713,308565
1873,87,107,2025-01-09,4,Product_107,Accessories,9334,37336
1874,8,118,2025-02-25,2,Product_118,Fashion,61713,123426
1875,90,109,2025-01-16,2,Product_109,Electronics,67891,135782
1876,92,121,2025-02-23,2,Product_121,Home,14822,29644
1877,98,144,2025-01-26,4,Product_144,Fashion,66409,265636
1878,19,137,2025-02-10,3,Product_137,Home,60138,180414
1879,81,127,2025-01-25,4,Product_127,Accessories,10380,41520
1880,10,141,2025-02-20,1,Product_141,Accessories,8165,8165
1881,52,133,2025-02-17,3,Product_133,Fashion,28516,85548
1882,89,124,2025-01-30,4,Product_124,Fashion,18873,75492
1883,42,138,2025-01-01,1,Product_138,Home,55944,55944
1884,94,130,2025-02-10,3,Product_130,Electronics,12724,38172
1885,9,135,2025-01-26,2,Product_135,Accessories,50172,100344
1886,55,114,2025-02-01,3,Product_114,Fashion,53854,161562
1887,42,119,2025-01-22,5,Product_119,Electronics,13399,66995
1888,74,109,2025-02-06,4,Product_109,Electronics,67891,271564
1889,44,144,2025-02-18,1,Product_144,Fashion,66409,66409
1890,6,107,2025-02-10,4,Product_107,Accessories,9334,37336
1891,3,108,2025-03-01,2,Product_108,Electronics,43809,87618
1892,57,130,2025-01-01,4,Product_130,Electronics,12724,50896
1893,26,145,2025-02-28,2,Product_145,Accessories,7955,15910
1894,84,120,2025-01-11,3,Product_120,Electronics,53272,159816
1895,12,142,2025-01-24,3,Product_142,Electronics,41604,124812
1896,11,124,2025-02-12,2,Product_124,Fashion,18873,37746
1897,7,126,2025-02-10,3,Product_126,Home,61137,183411
1898,93,145,2025-02-18,2,Product_145,Accessories,7955,15910
1899,55,142,2025-01-06,1,Product_142,Electronics,41604,41604
1900,1,114,2025-01-31,1,Product_114,Fashion,53854,53854
1901,17,138,2025-01-15,5,Product_138,Home,55944,279720
1902,88,129,2025-01-01,1,Product_129,Electronics,7130,7130
1903,90,122,2025-02-22,1,Product_122,Accessories,25612,25612
1904,55,145,2025-01-09,4,Product_145,Accessories,7955,31820
1905,10,115,2025-01-25,1,Product_115,Accessories,12863,12863
1906,94,107,2025-01-07,3,Product_107,Accessories,9334,28002
1907,48,120,2025-01-09,4,Product_120,Electronics,53272,213088
1908,100,149,2025-02-25,2,Product_149,Fashion,16213,32426
1909,83,144,2025-01-10,1,Product_144,Fashion,66409,66409
1910,68,137,2025-01-01,5,Product_137,Home,60138,300690
1911,84,111,2025-01-29,3,Product_111,Fashion,28580,85740
1912,93,114,2025-02-10,2,Product_114,Fashion,53854,107708
1913,53,140,2025-02-13,4,Product_140,Accessories,39390,157560
1914,28,106,2025-02-27,1,Product_106,Electronics,8216,8216
1915,18,149,2025-01-08,5,Product_149,Fashion,16213,81065
1916,94,125,2025-01-23,4,Product_125,Fashion,24550,98200
1917,41,109,2025-01-16,3,Product_109,Electronics,67891,203673
1918,83,106,2025-01-16,5,Product_106,Electronics,8216,41080
1919,77,139,2025-02-16,5,Product_139,Fashion,20789,103945
1920,37,150,2025-03-02,1,Product_150,Accessories,76380,76380
1921,85,120,2025-01-14,5,Product_120,Electronics,53272,266360
1922,78,133,2025-01-13,4,Product_133,Fashion,28516,114064
1923,38,142,2025-01-04,2,Product_142,Electronics,41604,83208
1924,64,125,2025-01-08,2,Product_125,Fashion,24550,49100
1925,64,141,2025-02-08,1,Product_141,Accessories,8165,8165
1926,68,101,2025-01-24,3,Product_101,Electronics,32993,98979
1927,17,125,2025-02-25,5,Product_125,Fashion,24550,122750
1928,54,124,2025-02-04,2,Product_124,Fashion,18873,37746
1929,98,131,2025-02-19,1,Product_131,Accessories,22298,22298
1930,3,138,2025-01-05,1,Product_138,Home,55944,55944
1931,34,114,2025-01-03,1,Product_114,Fashion,53854,53854
1932,51,133,2025-01-19,5,Product_133,Fashion,28516,142580
1933,99,127,2025-01-28,4,Product_127,Accessories,10380,41520
1934,11,141,2025-02-04,5,Product_141,Accessories,8165,40825
1935,79,110,2025-01-18,1,Product_110,Accessories,37000,37000
1936,40,106,2025-02-02,2,Product_106,Electronics,8216,16432
1937,20,135,2025-01-21,4,Product_135,Accessories,50172,200688
1938,76,141,2025-02-18,1,Product_141,Accessories,8165,8165
1939,40,145,2025-01-28,2,Product_145,Accessories,7955,15910
1940,8,116,2025-01-06,4,Product_116,Electronics,56998,227992
1941,15,130,2025-02-09,5,Product_130,Electronics,12724,63620
1942,8,120,2025-02-12,2,Product_120,Electronics,53272,106544
1943,16,101,2025-02-15,2,Product_101,Electronics,32993,65986
1944,90,101,2025-01-11,4,Product_101,Electronics,32993,131972
1945,45,134,2025-02-03,3,Product_134,Fashion,8185,24555
1946,22,124,2025-01-09,3,Product_124,Fashion,18873,56619
1947,94,108,2025-02-19,1,Product_108,Electronics,43809,43809
1948,43,128,2025-01-18,5,Product_128,Fashion,72632,363160
1949,9,117,2025-02-15,5,Product_117,Home,56019,280095
1950,81,105,2025-02-01,4,Product_105,Accessories,1442,5768
1951,66,124,2025-01-04,4,Product_124,Fashion,18873,75492
1952,73,111,2025-01-24,2,Product_111,Fashion,28580,57160
1953,33,150,2025-01-07,5,Product_150,Accessories,76380,381900
1954,87,147,2025-01-08,2,Product_147,Electronics,78492,156984
1955,95,133,2025-01-01,1,Product_133,Fashion,28516,28516
1956,2,116,2025-01-03,4,Product_116,Electronics,56998,227992
1957,47,125,2025-02-28,2,Product_125,Fashion,24550,49100
1958,23,103,2025-02-05,4,Product_103,Home,3257,13028
1959,29,121,2025-01-16,4,Product_121,Home,14822,59288
1960,93,121,2025-01-18,1,Product_121,Home,14822,14822
1961,74,124,2025-01-08,5,Product_124,Fashion,18873,94365
1962,87,104,2025-01-12,2,Product_104,Accessories,77628,155256
1963,67,103,2025-01-26,1,Product_103,Home,3257,3257
1964,60,119,2025-02-19,3,Product_119,Electronics,13399,40197
1965,42,106,2025-02-05,4,Product_106,Electronics,8216,32864
1966,2,124,2025-01-13,3,Product_124,Fashion,18873,56619
1967,73,120,2025-02-17,5,Product_120,Electronics,53272,266360
1968,32,130,2025-01-24,5,Product_130,Electronics,12724,63620
1969,64,150,2025-02-19,2,Product_150,Accessories,76380,152760
1970,94,135,2025-02-18,2,Product_135,Accessories,50172,100344
1971,20,101,2025-03-01,4,Product_101,Electronics,32993,131972
1972,4,115,2025-02-04,3,Product_115,Accessories,12863,38589
1973,82,145,2025-02-26,1,Product_145,Accessories,7955,7955
1974,43,101,2025-02-18,4,Product_101,Electronics,32993,131972
1975,95,147,2025-01-20,1,Product_147,Electronics,78492,78492
1976,27,134,2025-01-16,4,Product_134,Fashion,8185,32740
1977,63,104,2025-01-10,3,Product_104,Accessories,77628,232884
1978,12,103,2025-02-28,2,Product_103,Home,3257,6514
1979,67,127,2025-02-14,3,Product_127,Accessories,10380,31140
1980,59,148,2025-01-06,5,Product_148,Electronics,31328,156640
1981,13,133,2025-01-09,4,Product_133,Fashion,28516,114064
1982,10,138,2025-02-06,1,Product_138,Home,55944,55944
1983,56,143,2025-01-09,2,Product_143,Electronics,7072,14144
1984,38,117,2025-02-24,3,Product_117,Home,56019,168057
1985,51,145,2025-02-23,3,Product_145,Accessories,7955,23865
1986,41,129,2025-01-18,2,Product_129,Electronics,7130,14260
1987,10,113,2025-01-09,5,Product_113,Fashion,32350,161750
1988,14,110,2025-01-07,2,Product_110,Accessories,37000,74000
1989,58,130,2025-01-21,4,Product_130,Electronics,12724,50896
1990,16,135,2025-01-23,2,Product_135,Accessories,50172,100344
1991,58,120,2025-01-30,3,Product_120,Electronics,53272,159816
1992,16,106,2025-01-11,3,Product_106,Electronics,8216,24648
1993,91,145,2025-02-08,1,Product_145,Accessories,7955,7955
1994,28,121,2025-01-10,1,Product_121,Home,14822,14822
1995,92,116,2025-01-23,4,Product_116,Electronics,56998,227992
1996,66,104,2025-02-13,3,Product_104,Accessories,77628,232884
1997,34,112,2025-01-02,4,Product_112,Accessories,75347,301388
1998,58,136,2025-02-17,5,Product_136,Electronics,51673,258365
1999,32,107,2025-01-30,1,Product_107,Accessories,9334,9334
2000,18,108,2025-01-01,1,Product_108,Electronics,43809,43809
